associated_gene	enriched_motif	DS_set
KHSRP	ATGTGTGT	DS_Set1
NOVA1	CCA[GT]	DS_Set1
SRP68	CCTC	DS_Set1
IFIH1	GGCCCT	DS_Set1
SRP14	GTGG	DS_Set1
ZNF346	GTGGT	DS_Set1
RBFOX2	TGCATG	DS_Set1
SRSF1	TGGAAAG	DS_Set1
HNRNPH1	TGGGA	DS_Set1
HNRNPH2	TGGGA	DS_Set1
SRSF6	TGTGGA	DS_Set1
TARDBP	TGTGTG	DS_Set1
CELF1	TGTGTGTGTGT	DS_Set1
CELF4	TGTGT[GT][GT]	DS_Set1
CELF5	TGTGT[GT][GT]	DS_Set1
CELF6	TGTG[AGT][TG]G	DS_Set1
CPEB1	TTTTA	DS_Set1
EIF4A3	TTTTTT	DS_Set1
PPIE	TTTTTT	DS_Set1
HNRNPH3	[ACGT]GGG[ACGT]	DS_Set1
ELAVL2	[ACG]TTT[ACG]	DS_Set1
TIA1	[ACG]TTT[ACG]	DS_Set1
TIAL1	[ACG]TTT[ACG]	DS_Set1
GRSF1	[AGT]GGG[AGT]	DS_Set1
HNRNPK	[AT]CCCCCA[ACT]	DS_Set1
RBFOX1	[AT]GCATG[ACT]	DS_Set1
MBNL1	[CT]GC[CT]	DS_Set1
RBMX	AAAAT	DS_Set2
HNRNPH1	AGAGA	DS_Set2
SRSF10	AGAGACA	DS_Set2
ELAVL4	ATTT	DS_Set2
PABPC1	A[AG]AAAA[AC]	DS_Set2
IGF2BP3	CATT	DS_Set2
NOVA1	CCA[GT]	DS_Set2
SRP68	CCTC	DS_Set2
PCBP1	CC[ACT][TCA][TCA]CC	DS_Set2
KHSRP	CTGTGTAT	DS_Set2
SRSF1	GACCCGG	DS_Set2
CMTR1	GATC	DS_Set2
SRSF3	GATC	DS_Set2
RBM5	GA[AG]GG[AT][AG]	DS_Set2
PIWIL1	GCTT	DS_Set2
HNRNPA1	GGAGGA	DS_Set2
HNRNPF	GGAGGA	DS_Set2
SRSF2	GGAGGA[CG]	DS_Set2
TARDBP	GTGTGT	DS_Set2
DAZAP1	TAG[GT][AT][AT][AG]	DS_Set2
ESRP1	TGGTGG	DS_Set2
CELF1	TGTGTGTGTGT	DS_Set2
CELF5	TGTGT[GT][GT]	DS_Set2
CELF4	TGTGT[GT][GT]	DS_Set2
PCBP3	TTT[CT]CC	DS_Set2
HNRNPH3	[ACGT]GGG[ACGT]	DS_Set2
ELAVL2	[ACG]TTT[ACG]	DS_Set2
TIA1	[ACG]TTT[ACG]	DS_Set2
TIAL1	[ACG]TTT[ACG]	DS_Set2
HNRNPC	[ACT]TTTTT[GT]	DS_Set2
HNRNPCL1	[ACT]TTTTT[GT]	DS_Set2
GRSF1	[AGT]GGG[AGT]	DS_Set2
MBNL1	[CT]GC[CT]	DS_Set2
KHDRBS1	[CT][AT]AAA[TA]	DS_Set2
HNRNPH2	[GT]G[AGT]GG[ATG]	DS_Set2
TRA2A	AAGAA	DS_Set3
SRSF5	AC[AT]G[GC]	DS_Set3
HNRNPH1	AGAGG	DS_Set3
NONO	AGGGA	DS_Set3
RBMX	ATCCCC	DS_Set3
TIAL1	ATT[AC]	DS_Set3
NOVA2	A[ACGT]CA[CAT]C	DS_Set3
SRSF10	A[AG]AG[AG][AG][AG]	DS_Set3
ZNF346	CCACC	DS_Set3
NOVA1	CCA[GT]	DS_Set3
SRP68	CCTC	DS_Set3
HNRNPK	CC[AC][AC][AC]CC	DS_Set3
KHSRP	C[ACGT][CG]C[CT]TCC	DS_Set3
HNRNPF	GGAGGA	DS_Set3
SRSF2	GGAGGA[CG]	DS_Set3
SRSF1	GGA[GC]G[AG][ACG]	DS_Set3
IFIH1	GGCCCT	DS_Set3
SRP14	GTGG	DS_Set3
XPO5	GTTT	DS_Set3
HNRNPA1	TAGT[GT]A[AG]	DS_Set3
SRSF3	TCATC	DS_Set3
SRSF6	TGTGGA	DS_Set3
CELF1	TTGT[GT]	DS_Set3
PCBP3	TTT[CT]CC	DS_Set3
HNRNPH3	[ACGT]GGG[ACGT]	DS_Set3
ELAVL2	[ACG]TTT[ACG]	DS_Set3
TIA1	[ACG]TTT[ACG]	DS_Set3
GRSF1	[AGT]GGG[AGT]	DS_Set3
SNRNP70	[AG][AT]TCAAG	DS_Set3
MBNL1	[CT]GC[CT]	DS_Set3
LIN28A	[CT]GGAGG[AG]	DS_Set3
RBM5	[GC]AAGG[AG]G	DS_Set3
HNRNPH2	[GT]G[AGT]GG[ATG]	DS_Set3
